{
  "version": 1,
  "author": "Assistant",
  "editor": "wokwi",
  "parts": [
    { "type": "board-esp32-devkit-c-v4", "id": "esp", "top": 0, "left": 0, "attrs": {} },
    { "type": "wokwi-servo", "id": "servo1", "top": 46, "left": 144, "attrs": {} },
    {
      "type": "wokwi-dht22",
      "id": "dht1",
      "top": -143.7,
      "left": -111,
      "attrs": { "temperature": "5" }
    },
    { "type": "wokwi-servo", "id": "servo2", "top": -21.2, "left": -374.4, "attrs": {} },
    {
      "type": "wokwi-led",
      "id": "led1",
      "top": -51.6,
      "left": -178.6,
      "attrs": { "color": "red" }
    },
    {
      "type": "wokwi-resistor",
      "id": "r1",
      "top": 90.35,
      "left": -144,
      "attrs": { "value": "220" }
    },
    {
      "type": "wokwi-hc-sr04",
      "id": "ultrasonic1",
      "top": 203.1,
      "left": -186.5,
      "attrs": { "distance": "39" }
    }
  ],
  "connections": [
    [ "esp:TX", "$serialMonitor:RX", "", [] ],
    [ "esp:RX", "$serialMonitor:TX", "", [] ],
    [ "servo1:GND", "esp:GND.2", "black", [ "h-9.6", "v-67.2" ] ],
    [ "servo1:V+", "esp:3V3", "red", [ "h-28.8", "v-124.7", "h-9.6" ] ],
    [ "servo1:PWM", "esp:15", "orange", [ "h-9.6", "v38.6" ] ],
    [ "dht1:GND", "esp:GND.1", "black", [ "v0" ] ],
    [ "dht1:VCC", "esp:3V3", "red", [ "v0" ] ],
    [ "dht1:SDA", "esp:32", "green", [ "v0" ] ],
    [ "servo2:GND", "esp:GND.1", "black", [ "h-38.4", "v-105.6" ] ],
    [ "servo2:V+", "esp:3V3", "red", [ "h-57.6", "v-249.5", "h369.41" ] ],
    [ "servo2:PWM", "esp:14", "orange", [ "h-28.8", "v-143.8" ] ],
    [ "r1:2", "esp:33", "green", [ "v0" ] ],
    [ "r1:1", "led1:A", "green", [ "v0" ] ],
    [ "led1:C", "esp:GND.1", "black", [ "v0" ] ],
    [ "ultrasonic1:GND", "esp:GND.1", "black", [ "h0" ] ],
    [ "ultrasonic1:VCC", "esp:3V3", "red", [ "h0" ] ],
    [ "ultrasonic1:TRIG", "esp:5", "yellow", [ "h0" ] ],
    [ "ultrasonic1:ECHO", "esp:18", "blue", [ "h0" ] ]
  ],
  "dependencies": {}
}