{
  "version": 1,
  "author": "Assistant",
  "editor": "wokwi",
  "parts": [
    { "type": "board-esp32-devkit-c-v4", "id": "esp", "top": 0, "left": 0, "attrs": {} },
    {
      "type": "wokwi-lcd1602",
      "id": "lcd1",
      "top": -118.4,
      "left": 140,
      "attrs": { "pins": "i2c" }
    },
    {
      "type": "wokwi-ssd1306",
      "id": "oled1",
      "top": -98.9,
      "left": 443.5,
      "attrs": { "i2c-address": "0x3C" }
    },
    {
      "type": "wokwi-dht22",
      "id": "dht1",
      "top": 12.6,
      "left": 219.9,
      "rotate": 90,
      "attrs": { "temperature": "60.2", "humidity": "50" }
    },
    {
      "type": "wokwi-photoresistor-sensor",
      "id": "ldr1",
      "top": 137.4,
      "left": 180.4,
      "rotate": 180,
      "attrs": {}
    },
    {
      "type": "wokwi-rgb-led",
      "id": "rgb1",
      "top": 162.2,
      "left": -239.7,
      "rotate": 270,
      "attrs": { "common": "cathode" }
    },
    {
      "type": "wokwi-servo",
      "id": "servo1",
      "top": 218.8,
      "left": 172.8,
      "attrs": { "horn": "single" }
    },
    {
      "type": "wokwi-resistor",
      "id": "r1",
      "top": 186.35,
      "left": -163.2,
      "attrs": { "value": "222" }
    },
    {
      "type": "wokwi-resistor",
      "id": "r2",
      "top": 205.55,
      "left": -163.2,
      "attrs": { "value": "222" }
    },
    {
      "type": "wokwi-resistor",
      "id": "r3",
      "top": 224.75,
      "left": 326.4,
      "attrs": { "value": "220" }
    },
    {
      "type": "wokwi-led",
      "id": "led1",
      "top": 200.4,
      "left": 419.4,
      "rotate": 90,
      "attrs": { "color": "red" }
    },
    {
      "type": "wokwi-pushbutton",
      "id": "btn1",
      "top": 102.2,
      "left": 480,
      "attrs": { "color": "red" }
    },
    {
      "type": "wokwi-pushbutton",
      "id": "btn2",
      "top": 159.8,
      "left": 480,
      "attrs": { "color": "black" }
    },
    {
      "type": "wokwi-pushbutton",
      "id": "btn3",
      "top": 44.6,
      "left": 480,
      "attrs": { "color": "green" }
    },
    {
      "type": "wokwi-led",
      "id": "led2",
      "top": -118.8,
      "left": -226.6,
      "attrs": { "color": "blue" }
    },
    {
      "type": "wokwi-resistor",
      "id": "r4",
      "top": -63.25,
      "left": -172.8,
      "attrs": { "value": "220" }
    },
    {
      "type": "wokwi-led",
      "id": "led3",
      "top": -42,
      "left": -226.6,
      "attrs": { "color": "limegreen" }
    },
    {
      "type": "wokwi-led",
      "id": "led4",
      "top": 34.8,
      "left": -226.6,
      "attrs": { "color": "cyan" }
    },
    {
      "type": "wokwi-resistor",
      "id": "r5",
      "top": 3.95,
      "left": -172.8,
      "attrs": { "value": "220" }
    },
    {
      "type": "wokwi-resistor",
      "id": "r6",
      "top": 80.75,
      "left": -172.8,
      "attrs": { "value": "220" }
    }
  ],
  "connections": [
    [ "esp:GND.4", "oled1:GND", "black", [ "v0" ] ],
    [ "esp:3V3", "oled1:VCC", "red", [ "v0" ] ],
    [ "esp:22", "oled1:SCL", "blue", [ "v0" ] ],
    [ "esp:21", "oled1:SDA", "yellow", [ "v0" ] ],
    [ "esp:3V3", "lcd1:VCC", "red", [ "h-33.41", "v-105.6" ] ],
    [ "lcd1:GND", "esp:GND.2", "black", [ "h0" ] ],
    [ "lcd1:SDA", "esp:21", "orange", [ "h-28.8", "v144.2" ] ],
    [ "esp:22", "lcd1:SCL", "violet", [ "h24.04", "v-105.6" ] ],
    [ "esp:3V3", "dht1:VCC", "red", [ "h-4.61", "v-38.4", "h134.4", "v67.2" ] ],
    [ "esp:4", "dht1:SDA", "orange", [ "h33.64", "v-76.8" ] ],
    [ "esp:GND.3", "dht1:GND", "black", [ "h0" ] ],
    [ "ldr1:VCC", "esp:3V3", "red", [ "h-38.4", "v-192", "h-144" ] ],
    [ "ldr1:GND", "esp:GND.3", "black", [ "h-19.2", "v-86" ] ],
    [ "esp:5V", "servo1:V+", "red", [ "h-4.61", "v67.2" ] ],
    [ "esp:14", "servo1:PWM", "orange", [ "h-33.41", "v153.6", "h-9.6" ] ],
    [ "rgb1:R", "r2:1", "red", [ "v0" ] ],
    [ "rgb1:G", "r1:1", "green", [ "v0" ] ],
    [ "r1:2", "esp:27", "green", [ "v0" ] ],
    [ "r2:2", "esp:26", "red", [ "v0", "h18", "v-96" ] ],
    [ "rgb1:COM", "esp:GND.1", "black", [ "v-0.1", "h153.2", "v-57.6" ] ],
    [ "esp:35", "ldr1:AO", "purple", [ "h-62.21", "v144", "h182.4", "v-67.9" ] ],
    [ "led1:A", "r3:2", "blue", [ "h0" ] ],
    [ "r3:1", "esp:33", "blue", [ "v-19.2", "h-192", "v38.4", "h-153.6", "v-153.6" ] ],
    [ "led1:C", "esp:GND.3", "black", [ "h-38.4", "v-105.2", "h-211.2", "v-28.8" ] ],
    [ "esp:GND.1", "servo1:GND", "black", [ "h-14.21", "v115.2" ] ],
    [ "esp:15", "btn2:2.l", "green", [ "v0", "h33.64", "v28.8", "h326.4" ] ],
    [ "esp:2", "btn1:2.l", "green", [ "h14.44", "v-28.8", "h9.6" ] ],
    [ "esp:18", "btn3:2.l", "green", [ "h350.44", "v-28.8" ] ],
    [ "led2:A", "r4:1", "green", [ "v0", "h28.8" ] ],
    [ "led3:A", "r5:1", "green", [ "v0" ] ],
    [ "led4:A", "r6:1", "green", [ "v0" ] ],
    [ "esp:32", "r5:2", "green", [ "h-52.61", "v-76.8" ] ],
    [ "esp:GND.1", "led4:C", "black", [ "h-215.81" ] ],
    [ "led3:C", "esp:GND.1", "black", [ "v9.6", "h-18.8", "v144" ] ],
    [ "esp:GND.3", "btn1:1.r", "black", [ "h72.04", "v38.4", "h288", "v-28.8", "h105.6" ] ],
    [ "btn3:1.r", "esp:GND.3", "black", [ "v-28.8", "h-163", "v96", "h-211.2", "v-38.4" ] ],
    [
      "btn2:1.r",
      "esp:GND.3",
      "black",
      [ "v0", "h9.8", "v-19.2", "h-182.4", "v-28.8", "h-220.8", "v-38.4" ]
    ],
    [ "led2:C", "esp:GND.2", "black", [ "v0", "h-18.8", "v-48", "h297.6", "v96", "h28.8" ] ],
    [ "r4:2", "esp:12", "green", [ "v0", "h46.8", "v201.6" ] ],
    [ "r6:2", "esp:13", "green", [ "v0", "h37.2", "v76.8" ] ],
    [ "esp:GND.2", "oled1:GND", "black", [ "v-182.4", "h-4.76" ] ]
  ],
  "dependencies": {}
}